nombre;pais;fuente
Alared Innovación Tecnológica S.L.;;
BEAVER LEGNAMI SRL;;
CECCHETTO CRISTIAN MATTEO;;
CENTRE D'ETUDE ET DE SAUVEGARDE DES TORTUES MARINES EN MEDITERRANEE;;
CONSORZIO DI GESTIONE AREA MARINA PROTETTA PORTO CESAREO;;
CONTACT ADVERTISING AGENCY LIMITED;;
Direção Regional de Políticas Marítimas;;
F.LLI CHIERICO S.A.S. DI RENATO CHIERICO E C.;;
G.R.A.I.A. SRL GESTIONE E RICERCA AMBIENTALE ITTICA ACQUE;;
INSTITOUTO PROOTHISIS KAI PISTOPOIISIS PROIONTON AGRODIATROFIS;;
INSTITOYTO KOINONIKIS KAINOTOMIAS KAI SYNOXIS;;
KOINONIKI SYNETAIRISTIKI EPICHEIRISI SYLLOGIKIS KAI KOINONIKIS OFELEIAS PRASINIS KAI BLE ANAPTYXIS;;
LOCATELLI BRUNO;;
MEDSHARKS;;
NEXTLEARNING EV;;
OCEAN ALIVE, COOPERATIVA PARA A EDUCACAO CRIATIVA MARINHA, CRL;;
PYLON ONE;;
RIVNE REGIONAL ORGANISATION OF THE UKRAINE NATURE CONSERVATION SOCIETY;;
SHORELINE SC;;
Schonert Axel;;
Stredocesky kraj;;
USTECKY KRAJ;;
ZO CSOP VIASIM;;
