ccaa;ayudas;pct_ayudas;entidades;importe_concedido_eur;pct_importe
Cataluña;120;36,0;32;10926427,48;41,3
Madrid;63;18,9;17;4604234,26;17,4
Andalucía;39;11,7;14;3155859,19;11,9
Aragón;17;5,1;4;1357960,14;5,1
Comunidad Valenciana;17;5,1;8;1254778,00;4,7
Galicia;11;3,3;6;1579706,32;6,0
Asturias;9;2,7;3;721850,00;2,7
Illes Balears;9;2,7;4;615707,00;2,3
Castilla y León;8;2,4;5;642105,23;2,4
País Vasco;8;2,4;6;497667,82;1,9
Cantabria;6;1,8;3;193342,20;0,7
Canarias;5;1,5;5;270518,00;1,0
Castilla-La Mancha;4;1,2;1;411105,00;1,6
Murcia;4;1,2;3;83280,00;0,3
Extremadura;1;0,3;1;83900,00;0,3
La Rioja;1;0,3;1;35800,00;0,1
